Title;DisplayName
Paging a collection with LINQ;Nick Berardi
How do I add existing comments to RDoc in Ruby?;CodingWithoutComments
SQLStatement.execute() - multiple queries in one statement;Shawn
"Anatomy of a ""Memory Leak""";huseyint
Decoding T-SQL CAST in C#/VB.NET;Dillie-O
How would you access Object properties from within an object method?;cmcculloh
How to export data from SQL Server 2005 to MySQL;Mat
XSD DataSets and ignoring foreign keys;Dillie-O
Best Subversion clients for Windows Vista (64bit);pix0r
How do I track file downloads;Grant
How do I sync the SVN revision number with my ASP.NET web site?;Zack Peterson
Embedding Windows Media Player for all browsers;Michael Stum
Versioning SQL Server database;Zack Peterson
How do I print an HTML document from a web service?;Chris Marasti-Georg
How do you branch and merge with TortoiseSVN?;cmcculloh
error_log per Virtual Host?;Michael Stum
Is gettimeofday() guaranteed to be of microsecond resolution?;Bernard
Floating Point Number parsing: Is there a Catch All algorithm?;Michael Stum
Upgrading SQL Server 6.5;Dave Ward
Flat file databases;saint_groceon
Register Windows program with the mailto protocol programmatically;Liron Yahdav
SQL Server 2005 implementation of MySQL REPLACE INTO?;Michael Stum
Create a SQLite database based on an XSD Data Set;Dillie-O
Adding scripting functionality to .NET applications;Michael Stum
GTK implementation of MessageBox;Bernard
Getting Subclipse in Aptana to work with the newest release of Subversion;cmcculloh
How do I get a distinct, ordered list of names from a DataTable using LINQ?;Bob
Multiple submit buttons in an HTML form;Kevin
Best way to allow plugins for a PHP application;Wally Lawless
PHP Session Security;saint_groceon
Should I use nested classes in this case?;JimDaniel
When to use unsigned values over signed ones?;Bernard
Reliable timer in a console application;John
Generate list of all possible permutations of a string;UnkwnTech
How do you make sure email you send programmatically is not automatically marked as spam?;Leon Bambrick
What is the meaning of the type safety warning in certain Java generics casts?;Mike Stone
Check for changes to an SQL Server table?;TimM
How to use the C socket API in C++ on z/OS;Jax
Programmatically launch IE Mobile favorites screen;prakash
"Implementation of ""Remember me"" in a Rails application";Michiel de Mare
How can I find the full path to a font from its display name on a Mac?;Gareth Simpson
Homegrown consumption of web services;Dillie-O
WinForms ComboBox data binding gotcha;Darren Kopp
Get a preview JPEG of a PDF on Windows?;Gareth Simpson
Throw an error in a MySQL trigger;Matt MacLean
What is the fastest way to get the value of π?;Chris Jester-Young
The definitive guide to form-based website authentication;Michiel de Mare
Binary Data in MySQL;Geoff Dalgas
What is the difference between an int and an Integer in Java and C#?;CodingWithoutComments
Deploying SQL Server Databases from Test to Live;Michael Stum
Filling a DataSet or DataTable from a LINQ query result set;Geoff Dalgas
cx_Oracle: How do I iterate over a result set?;Mark Harrison
Difference between Math.Floor() and Math.Truncate();Anonymous User
Determine a User's Timezone;Kevin Dente
When to use lambda, when to use Proc.new?;Michiel de Mare
Calculate relative time in C#;Jeff Atwood
Automatically update version number;Robert Höglund
How do I calculate someone's age in C#?;Jeff Atwood
Encrypting Passwords;UnkwnTech
Using 'in' to match an attribute of Python objects in an array;Brendan
Connect PHP to IBM i (AS/400);dragonmantank
Embedded Database for .net that can run off a network;Michael Stum
.NET Testing Framework Advice;saalon
Class views in Django;Seb
Format string to title case;tags2k
Get a new object instance from a Type;tags2k
Percentage width child element in absolutely positioned parent on Internet Explorer 7;Kevin Dente
Convert Decimal to Double?;Eggs McLaren
Solving a linear equation;Adam Ernst
How do I use Python's itertools.groupby()?;James Sulak
ASP, need to use SFTP;Matt Dawdy
Visual Studio Setup Project - Per User Registry Settings;Ray
Efficiently get sorted sums of a sorted list;Peter Burns
How do I most elegantly express left join with aggregate SQL as LINQ query;vzczc
Editing database records by multiple users;Swinders
CruiseControl.net, msbuild, /p:OutputPath and CCNetArtifactDirectory;Michael Stum
Java lib or app to convert CSV to XML file?;A Salim
.Net XML comment into API Documentation;MojoFilter
Why is Git better than Subversion?;Ben Mills
Are PHP Variables passed by value or by reference?;cmcculloh
How do you debug PHP scripts?;Marcel
Internationalization in your projects;John Downey
How to word-break on a dash?;Karl Seguin
Client collation and SQL Server 2005;dragonmantank
How do I connect to a database and loop over a recordset in C#?;Michael Pryor
String literals and escape characters in postgresql;rjohnston
Unhandled Exception Handler in .NET 1.1;Ray
How to use a mutex in Visual Basic;Goyuix
Adding a Method to an Existing Object Instance;akdom
Getting root permissions on a file inside of vi?;Paul Wicks
How to get the value of built, encoded ViewState?;Rex M
How do I fix 'Unprocessed view path found' error with ExceptionNotifier plugin in rails 2.1?;Orion Edwards
How to get the Country according to a certain IP?;DylanJ
Displaying Flash content in a C# WinForms application;FryHard
How do I delete a file which is locked by another process in C#?;Dean Bates
Why doesn't SQL Full Text Indexing return results for words containing #?;Geoff Dalgas
A little diversion into floating point (im)precision, part 1;Chris Jester-Young
"Heap corruption under Win32; how to locate?";Josh
Process size on UNIX;sachin
Object Oriented Bayesian Spam Filtering?;gyurisc
Ensuring that Exceptions are always caught;sachin
How does database indexing work?;Xenph Yan
Windows Help files - what are the options?;Michael Stum
Why am I getting a double free error with realloc()?;Matthew Schinckel
How do I index a database column;Xenph Yan
Use SVN Revision to label build in CCNET;hitec
ASP.NET Site Maps;Zack Peterson
Open Source Ruby Projects;CodingWithoutComments
How to make subdomain user accounts in a webapp;Caleb Elston
ViewState invalid only in Safari;Anthony Main
Regex: To pull out a sub-string between two tags in a string;Dan
Asynchronous multi-direction server-client communication over the same open socket?;Adam Haile
Compressing / Decompressing Folders & Files;DylanJ
How big can a MySQL database get before performance starts to degrade;Grant
Limit size of Queue<T> in .NET?;tags2k
Is nAnt still supported and suitable for .net 3.5/VS2008?;Michael Stum
How to check for file lock?;ricree
How do I use (n)curses in Ruby?;Jake McGraw
Rockbox audio format;num1
"Followup: Finding an accurate ""distance"" between colors";Louis Brandy
BerkeleyDB Concurrency;Ted Dziuba
"Followup: ""Sorting"" colors by distinctiveness";Louis Brandy
What is a better file copy alternative than the Windows default?;Zack Peterson
Get the current logged in OS user in Adobe Air;Shawn
Best Practice: Collaborative Environment, Bin Directory, SVN;Ryan Eastabrook
Subsonic Vs NHibernate;Dan
"Is Windows Server 2008 ""Server Core"" appropriate for a SQL Server instance?";Dave Ward
ASP.Net Custom Client-Side Validation;Rob Allen
Make XAMPP/Apache serve file outside of htdocs;cmcculloh
Bandwith throttling in IIS 6 by IP Address;Shawn
How can I get the authenticated user name under Apache using plain HTTP authentication and PHP?;basszero
What is the best way to handle multiple permission types?;EndangeredMassa
Using object property as default for method property;cmcculloh
Modify Address Bar URL in AJAX App to Match Current State;jasonjwwilliams
How do you express binary literals in Python?;Justin Standard
What are the preferred versions of Vim and Emacs on Mac OS X?;Michiel de Mare
Integrating Visual Studio Test Project with Cruise Control;denny
How do I give my web sites an icon for iPhone?;Zack Peterson
Different Distributed Version Control Systems working together;Rob Allen
Hiding inherited members;MojoFilter
Reducing duplicate error handling code in C#?;Wedge
Linux shell equivalent on IIS;Kevin
What are the correct pixel dimensions for an apple-touch-icon?;Zack Peterson
What is the best way to copy a database?;Dan
Mechanisms for tracking DB schema changes;pix0r
Can I logically reorder columns in a table?;fastcall
How can I modify .xfdl files? (Update #1);CodingWithoutComments
Folders or Projects in a Visual Studio Solution?;Dan
XML Editing/Viewing Software;dragonmantank
What good technology podcasts are out there?;Michael Stum
How do you sort a dictionary by value?;Kalid
How do I calculate these statistics?;Ryan Fox
Is there a version control system for database structure changes?;EndangeredMassa
XML Processing in Python;saalon
What is the single most influential book every programmer should read?;NotMyself
Any experiences with Protocol Buffers?;saint_groceon
How can I get at the matches when using preg_replace in PHP?;Polsonby
.NET Unit Testing packages?;Orion Edwards
Why is my ternary expression not working?;Polsonby
Federated (Synced) Subversion servers?;Adam Haile
How do I make a menu that does not require the user to press [enter] to make a selection?;Grant
Wiggling the mouse;Bruce the Hoon
Locating Text within image;Pat
Python: What OS am I running on?;Mark Harrison
Triple Quotes? How do I delimit a databound Javascript string parameter in ASP.NET?;Dhaust
CSV File Imports in .Net;MattH
How to map a latitude/longitude to a distorted map?;Adam Ernst
Lucene Score results;Stephen Hendry
Are Multiple DataContext classes ever appropriate?;Yaakov Ellis
What language do you use for PostgreSQL triggers and stored procedures?;Mark Harrison
CPU throttling in C++;Piotr Tyburski
Python: what is the difference between (1,2,3) and [1,2,3], and when should I use each?;Mark Harrison
How far can LISP macros go?;Mike Stone
Any solution to Illegal Cross Thread Operation exception?;gil
Most Efficient Way to Test Object Type;Yaakov Ellis
Pass by reference or pass by value?;sven
What do the result codes in SVN mean?;Polsonby
How do I create a branch in SVN?;sparkes
Can a Windows dll retrieve its own filename?;Blorgbeard
How do I unit test persistence?;Jon Limjap
Monitor a specific RSS;Riri
What are MVP and MVC and what is the difference?;Mike Minutillo
Convert HashBytes to VarChar;GateKiller
How do I make a checkbox toggle from clicking on the text label as well?;Ronnie
Do sealed classes really offer performance Benefits?;Vaibhav
LINQ on the .NET 2.0 Runtime;urini
Developing for ASP.NET-MVC without Visual Studio;GateKiller
How do I define custom web.config sections with potential child elements and attributes for the properties?;Dave Anderson
Creating a custom JButton in Java;Anton
Easy way to AJAX WebControls;tags2k
iPhone app in landscape mode, 2008 systems;Michiel de Mare
Unload a COM control when working in VB6 IDE;Vincent Robert
How can I unit test Flex applications from within the IDE or a build script?;Rytmis
Calling shell commands from Ruby;CodingWithoutComments
Datatable vs Dataset;GateKiller
Mapping Stream data to data structures in C#;geocoin
ASP.NET URL Rewriting;GateKiller
How to filter and combine 2 datasets in C#;saalon
Add Custom Tag to Visual Studio Validation;Rob Allen
How to contribute code back to an Open Source project?;Brett Veenstra
